Comune;Istat;Dato riferito a;Popolazione (n. abitanti);RD(t);RU(t);Percentuale RD ();Pro capite RD (kg/ab.*anno);Pro capite RU (kg/ab.*anno)
Acerra;15063001;Comune;59.910;17.378,61;26.027,33;66.77;290.08;434.44
Afragola;15063002;Comune;64.817;11.416,52;28.076,48;40.66;176.13;433.17
Agerola;15063003;Comune;7.695;2.058,43;2.799,21;73.54;267.5;363.77
Anacapri;15063004;Comune;6.962;2.684,38;3.900,66;68.82;385.58;560.28
Arzano;15063005;Comune;34.217;4.848,31;13.300,77;36.45;141.69;388.72
Bacoli;15063006;Comune;26.412;11.681,28;14.136,26;82.63;442.27;535.22
Barano d'Ischia;15063007;Comune;10.001;2.800,35;4.904,19;57.1;280.01;490.37
Boscoreale;15063008;Comune;27.927;6.331,04;11.604,18;54.56;226.7;415.52
Boscotrecase;15063009;Comune;10.247;2.823,95;4.653,37;60.69;275.59;454.12
Brusciano;15063010;Comune;16.371;3.835,15;7.283,73;52.65;234.26;444.92
Caivano;15063011;Comune;37.654;5.751,68;18.811,78;30.57;152.75;499.6
Calvizzano;15063012;Comune;12.182;2.659,77;5.252,27;50.64;218.34;431.15
Camposano;15063013;Comune;5.320;1.226,34;2.181,30;56.22;230.52;410.02
Capri;15063014;Comune;7.159;4.131,31;7.579,37;54.51;577.08;1058.72
Carbonara di Nola;15063015;Comune;2.437;452,338;909,438;49.74;185.61;373.18
Cardito;15063016;Comune;22.601;5.795,80;11.077,74;52.32;256.44;490.14
Casalnuovo di Napoli;15063017;Comune;49.250;15.326,87;24.243,75;63.22;311.21;492.26
Casamarciano;15063018;Comune;3.277;696,579;1.278,52;54.48;212.57;390.15
Casamicciola Terme;15063019;Comune;8.205;1.903,59;4.640,23;41.02;232;565.54
Casandrino;15063020;Comune;14.125;2.480,90;6.014,14;41.25;175.64;425.78
Casavatore;15063021;Comune;18.752;3.319,42;7.388,96;44.92;177.02;394.04
Casola di Napoli;15063022;Comune;3.845;914,542;1.137,48;80.4;237.85;295.83
Casoria;15063023;Comune;77.087;16.628,43;32.583,81;51.03;215.71;422.69
Castellammare di Stabia;15063024;Comune;65.922;15.231,11;31.203,27;48.81;231.05;473.34
Castello di Cisterna;15063025;Comune;7.907;1.642,65;3.418,03;48.06;207.75;432.28
Cercola;15063026;Comune;18.007;4.072,70;6.864,66;59.33;226.17;381.22
Cicciano;15063027;Comune;12.897;2.669,56;4.691,02;56.91;206.99;363.73
Cimitile;15063028;Comune;7.167;1.645,71;3.141,47;52.39;229.62;438.32
Comiziano;15063029;Comune;1.792;470,55;868,81;54.16;262.58;484.83
Crispano;15063030;Comune;12.240;2.755,99;5.237,57;52.62;225.16;427.91
Ercolano;15063064;Comune;52.763;10.132,38;19.194,50;52.79;192.04;363.79
Forio;15063031;Comune;17.840;4.321,71;11.524,63;37.5;242.25;646
Frattamaggiore;15063032;Comune;29.934;6.978,14;15.040,34;46.4;233.12;502.45
Frattaminore;15063033;Comune;16.131;3.548,72;6.647,72;53.38;219.99;412.11
Giugliano in Campania;15063034;Comune;124.361;34.027,09;64.813,01;52.5;273.62;521.17
Gragnano;15063035;Comune;28.897;7.185,96;12.001,00;59.88;248.67;415.3
Grumo Nevano;15063036;Comune;17.939;5.284,71;8.494,19;62.22;294.59;473.5
Ischia;15063037;Comune;20.118;8.405,66;15.118,96;55.6;417.82;751.51
Lacco Ameno;15063038;Comune;4.805;1.594,02;3.546,62;44.94;331.74;738.11
Lettere;15063039;Comune;6.256;1.591,33;2.698,45;58.97;254.37;431.34
Liveri;15063040;Comune;1.616;422;774,1;54.51;261.14;479.02
Marano di Napoli;15063041;Comune;59.862;9.300,36;23.032,12;40.38;155.36;384.75
Mariglianella;15063042;Comune;7.924;1.761,20;3.360,16;52.41;222.26;424.05
Marigliano;15063043;Comune;29.879;5.684,53;12.841,33;44.27;190.25;429.78
Massa di Somma;15063092;Comune;5.353;1.146,26;1.805,86;63.47;214.13;337.35
Massa Lubrense;15063044;Comune;14.294;4.876,17;6.840,96;71.28;341.13;478.59
Melito di Napoli;15063045;Comune;37.943;3.962,77;15.527,39;25.52;104.44;409.23
Meta;15063046;Comune;7.947;2.793,46;3.572,50;78.19;351.51;449.54
Monte di Procida;15063047;Comune;12.743;4.445,17;5.383,87;82.56;348.83;422.5
Mugnano di Napoli;15063048;Comune;34.996;7.732,56;13.468,38;57.41;220.96;384.85
Napoli;15063049;Comune;966.144;171.926,89;500.599,38;34.34;177.95;518.14
Nola;15063050;Comune;34.467;9.130,26;16.539,42;55.2;264.9;479.86
Ottaviano;15063051;Comune;23.710;7.391,39;9.648,85;76.6;311.74;406.95
Palma Campania;15063052;Comune;18.218;3.907,88;7.019,04;55.68;214.51;385.28
Piano di Sorrento;15063053;Comune;13.008;3.936,88;6.210,69;63.39;302.65;477.45
Pimonte;15063054;Comune;6.003;1.578,63;2.104,02;75.03;262.97;350.49
Poggiomarino;15063055;Comune;21.993;4.328,99;8.599,36;50.34;196.84;391
Pollena Trocchia;15063056;Comune;13.478;2.697,33;5.301,33;50.88;200.13;393.33
Pomigliano d'Arco;15063057;Comune;39.819;12.359,19;17.671,59;69.94;310.38;443.8
Pompei;15063058;Comune;25.207;8.356,45;14.461,63;57.78;331.51;573.71
Portici;15063059;Comune;54.577;12.489,46;21.527,04;58.02;228.84;394.43
Pozzuoli;15063060;Comune;81.141;30.276,18;39.876,80;75.92;373.13;491.45
Procida;15063061;Comune;10.465;4.348,97;5.975,53;72.78;415.57;571
Qualiano;15063062;Comune;25.755;5.649,53;10.299,41;54.85;219.36;399.9
Quarto;15063063;Comune;41.151;9.575,76;15.605,46;61.36;232.7;379.22
Roccarainola;15063065;Comune;6.940;1.069,02;2.196,18;48.68;154.04;316.45
San Gennaro Vesuviano;15063066;Comune;11.910;3.381,27;5.120,11;66.04;283.9;429.9
San Giorgio a Cremano;15063067;Comune;45.122;7.540,52;15.187,92;49.65;167.11;336.6
San Giuseppe Vesuviano;15063068;Comune;31.612;5.847,90;11.253,90;51.96;184.99;356
San Paolo Bel Sito;15063069;Comune;3.468;938,862;1.498,29;62.66;270.72;432.03
San Sebastiano al Vesuvio;15063070;Comune;9.057;2.476,71;4.164,29;59.47;273.46;459.79
San Vitaliano;15063075;Comune;6.469;1.196,98;2.851,34;41.98;185.03;440.77
Santa Maria la Carita;15063090;Comune;11.706;3.126,26;4.911,60;63.65;267.06;419.58
Sant'Agnello;15063071;Comune;9.125;3.124,17;5.011,85;62.34;342.37;549.24
Sant'Anastasia;15063072;Comune;27.690;7.256,88;12.501,56;58.05;262.08;451.48
Sant'Antimo;15063073;Comune;33.892;12.141,12;18.024,78;67.36;358.23;531.83
Sant'Antonio Abate;15063074;Comune;19.704;4.143,97;8.390,13;49.39;210.31;425.81
Saviano;15063076;Comune;16.182;4.691,66;6.694,42;70.08;289.93;413.7
Scisciano;15063077;Comune;6.099;1.152,79;2.015,29;57.2;189.01;330.43
Serrara Fontana;15063078;Comune;3.139;172,03;1.805,79;9.53;54.8;575.28
Somma Vesuviana;15063079;Comune;34.981;9.998,99;16.266,25;61.47;285.84;465
Sorrento;15063080;Comune;16.405;9.641,27;14.754,70;65.34;587.7;899.4
Striano;15063081;Comune;8.522;2.796,51;3.492,53;80.07;328.15;409.82
Terzigno;15063082;Comune;18.584;6.185,73;8.132,57;76.06;332.85;437.61
Torre Annunziata;15063083;Comune;42.406;9.935,97;17.285,87;57.48;234.31;407.63
Torre del Greco;15063084;Comune;85.332;15.759,71;41.281,89;38.18;184.69;483.78
Trecase;15063091;Comune;8.969;1.207,31;3.418,07;35.32;134.61;381.1
Tufino;15063085;Comune;3.674;399,46;1.322,56;30.2;108.73;359.98
Vico Equense;15063086;Comune;20.919;7.704,25;9.221,36;83.55;368.29;440.81
Villaricca;15063087;Comune;31.223;8.405,06;14.630,26;57.45;269.19;468.57
Visciano;15063088;Comune;4.396;1.399,37;1.494,27;93.65;318.33;339.92
Volla;15063089;Comune;24.354;6.432,79;10.532,38;61.08;264.14;432.47
